{"cameraMode":{"drawMode":0,"name":"Shaded","section":"Shading Mode"},"sceneLighting":true,"audioPlay":false,"sceneViewState":{"showFog":true,"showMaterialUpdate":false,"showSkybox":true,"showFlares":true,"showImageEffects":true,"showParticleSystems":true},"in2DMode":false,"pivot":{"x":13.163379669189454,"y":8.700982093811036,"z":-20.618528366088868},"rotation":{"x":0.00804898701608181,"y":-0.9868773818016052,"z":0.15249761939048768,"w":0.05246744677424431},"size":115.86016082763672,"orthographic":false}